name,description
MA0001,NextStationIs
MT0011,test
AA0001,Suspicous object
AA0002,Delay heavy rains
AA0003,Delay passenger runover
MA001B,welcome
PR0001,Description ...
AA0004,Delay breakdown
SP0001,Welcome
MT001B,wait_3sec
MT001C,one space
TA0004,Serving customers with a smile
MA0002,Next station
MT0015,HELPLINE
MT0003,Next station :
MT0004,5 spaces
MT0005,Service
MT0006,Stripe
MT0007,LadiesSpecial
SP0101,Jingle
MT0008,welcometext
MT0009,Demo
MA0003,safetymessage
MT000A,platformdirection
MT000D,adver
MB0003,WR
MT0010,disp
MT000C,demotext
MT000E,Ticket
MT000F,litter
AA0005,OHE_25KV
MA0004,coach
MT0012,switch
MT001D,Car Shed
MT0013,EnglishATVM
MT0014,ATVM
MA0005,add1
MA0006,add2
MA001C,saftey1
MA0007,add3
MA0008,add4
MA0009,add5
MA0020,silent_5sec
MA000B,Radd1
MA000C,Radd2
MA000D,Radd3
MA000E,Iadd1
MA000F,Iadd2
MT0016,HELP_dust1
MT0017,HELP_dust2
MA0010,senior_CTZ
MA0011,add6
MA0012,add7
MA0013,dont cross track
MA0014,footboard_travel
MT0018,Destination:
MT0019,clear
MA0015,alight que
MA001D,saftey2
MT001A,launguage_id
MA0017,Play_next_end
MA0018,Destination_station
MA0019,in_station
MA001A,Tak jayegi
MA001E,safety3
MA001F,safety4
MT001E,azadi
MT001F,emptyrake
MA0021,silent
MA0022,end station
MA0023,this train will go from
MA0024,to
MA0025,station
MA0026,yeh
MA0027,station hai
