orders,station,distance,station_no,arrival,departure,conditions,platform,triggers,language
1,BANBASA,"no distance",ST017,none,none,none,none,none,none
2,"GOT HALT","no distance",ST044,none,none,none,none,none,none
3,"JALALPUR PANWARA","no distance",ST057,none,none,none,none,none,none
4,KANNAUJ,"no distance",ST071,none,none,none,none,none,none
5,"KASGANJ JN.","no distance",ST077,none,none,none,none,none,none
6,"MANDHANA JN.","no distance",ST081,none,none,none,none,none,none
7,"MATHURA JN.","no distance",ST094,none,none,none,none,none,none
