triggers_name,priority
Carshed,1
Demo,1
Graphicsdemo,1
HELPLINE,1
Instation_ADD,1
Instation_end,1
InstationLS,1
LadiesSpecial,1
leave station_2KM,1
LeavelS,1
leavestation_2KM,1
LeaveStation_galopin,1
LeaveStation_Matribhmi,1
Leavestation1,1
on_test,1
PlatformTest,1
play add-R1,1
playadd-12,1
playadd-12345-R2,1
playadd-1235,1
playadd-1245,1
playadd-125,1
playadd-145,1
playadd-15,1
playadd-23,1
playadd-34,1
playadd-l1,1
playadd-l2,1
playadd-R1,1
playadd-R2,1
playadd-R3,1
playadd12345-R1,1
playadd2,1
playadd34-R2,1
Service,1
Showgraphics,1
StartStation,1
