<NewDataSet xmlns:ns1="urn:schemas-microsoft-com:xml-msdata" xmlns:xs="http://www.w3.org/2001/XMLSchema">
  <xs:schema id="NewDataSet">
    <xs:element name="NewDataSet" ns1:IsDataSet="true" ns1:MainDataTable="Data" ns1:UseCurrentLocale="true">
      <xs:complexType>
        <xs:choice minOccurs="0" maxOccurs="unbounded">
          <xs:element name="Data">
            <xs:complexType>
              <xs:sequence>
                <xs:element name="Major" type="xs:unsignedByte" minOccurs="0" />
                <xs:element name="Minor" type="xs:unsignedByte" minOccurs="0" />
                <xs:element name="Build" type="xs:unsignedShort" minOccurs="0" />
                <xs:element name="UTC" type="xs:unsignedInt" minOccurs="0" />
              </xs:sequence>
            </xs:complexType>
          </xs:element>
        </xs:choice>
      </xs:complexType>
    </xs:element>
  </xs:schema>
  <Data>
    <Major>1</Major>
    <Minor>4</Minor>
    <Build>5</Build>
    <UTC>1710480931</UTC>
  </Data>
</NewDataSet>